PersonId,MovieId,RoleId
1,1,63
2,2,63
3,2,48
4,2,28
5,2,28
6,3,3
7,3,3
8,3,3
9,3,63
10,3,63
11,4,3
12,4,3
13,4,3
14,4,3
15,4,3
16,4,63
17,4,63
18,4,63
19,4,3
20,4,3
21,5,3
22,5,63
23,5,63
24,5,63
25,6,63
26,6,3
27,6,3
28,6,63
29,6,63
30,7,28
31,7,3
32,7,3
32,8,3
33,7,63
34,7,63
35,7,63
36,7,7
37,7,49
38,7,49
39,7,28
40,9,63
40,10,63
41,9,63
42,9,3
43,9,63
44,9,3
45,9,63
46,9,63
47,9,28
48,9,28
49,9,63
49,10,63
50,11,63
51,12,3
52,12,3
53,12,3
54,12,3
55,12,7
56,12,12
57,12,63
58,13,63
59,13,28
60,13,63
61,14,63
62,14,63
63,14,28
64,14,63
65,15,19
66,15,19
67,16,63
68,16,28
69,16,63
70,17,3
71,17,63
72,17,63
73,17,28
74,17,28
75,17,28
76,17,63
77,17,63
78,17,63
79,18,3
80,18,3
81,18,3
82,18,3
83,18,3
84,18,63
85,18,63
86,18,3
87,18,3
88,18,3
89,19,63
89,20,63
89,21,63
89,22,63
90,19,12
90,21,63
91,19,63
91,20,63
92,23,63
93,24,3
94,24,3
95,24,63
96,24,63
97,24,63
98,25,3
99,25,3
100,25,3
101,25,3
102,25,63
103,25,3
104,26,63
105,26,3
106,26,3
107,26,3
108,26,3
109,26,63
110,26,63
111,26,63
112,26,28
113,26,63
114,27,63
115,28,63
116,28,3
117,28,3
118,28,28
119,28,28
120,28,28
121,28,28
122,28,28
123,28,63
124,28,63
125,29,63
126,30,63
127,30,28
128,30,28
129,20,28
129,21,28
129,22,28
130,31,63
131,32,63
132,32,63
133,32,63
134,32,63
135,32,63
136,32,63
137,32,63
138,32,63
139,32,63
140,32,63
141,33,3
142,33,3
143,33,3
144,33,3
145,33,3
146,33,63
147,33,3
148,33,3
149,33,3
150,33,3
150,34,3
151,35,3
152,35,3
153,35,3
154,35,3
155,35,63
156,35,63
157,36,63
158,36,3
159,36,3
160,36,3
161,36,3
162,36,63
163,36,63
164,36,63
165,36,63
166,36,63
167,37,63
168,37,63
169,37,63
170,37,63
171,37,28
172,37,63
173,37,63
174,38,3
175,38,63
176,38,63
177,38,63
178,38,63
179,38,63
180,38,63
181,38,63
182,38,63
183,39,3
184,39,3
185,39,3
186,39,3
187,39,63
188,39,28
189,39,63
190,40,63
191,21,63
192,41,63
193,41,63
194,41,63
194,42,3
195,41,63
196,41,63
197,41,63
198,41,63
199,41,63
200,41,63
201,22,63
202,22,63
203,42,3
204,42,3
205,42,3
206,42,63
207,42,63
208,42,28
209,42,63
210,43,63
211,43,39
212,43,28
213,43,28
214,43,28
215,43,63
216,43,63
217,43,63
218,43,63
219,44,63
220,44,63
221,45,63
222,45,3
223,45,3
224,45,3
225,45,3
226,45,63
227,45,7
228,45,28
229,45,28
230,45,63
231,46,63
232,47,3
233,47,3
234,47,3
235,47,3
236,47,3
237,48,63
238,48,3
239,48,3
240,48,3
241,48,3
242,48,63
243,48,46
244,48,28
245,48,63
246,48,63
247,49,63
247,50,63
248,50,3
249,50,3
250,51,3
251,51,3
252,51,63
253,51,28
254,52,63
255,52,3
256,52,3
257,52,3
258,52,3
259,52,63
260,52,21
261,52,46
262,52,63
263,52,63
264,53,63
265,53,63
266,53,63
267,53,63
268,53,63
269,53,63
270,53,63
271,53,28
272,53,63
273,53,63
274,54,3
275,54,3
276,54,3
277,54,3
278,54,63
279,54,63
280,55,7
281,56,40
282,57,63
283,57,3
284,57,3
285,57,3
286,57,3
287,57,63
288,57,63
289,57,28
290,57,28
291,57,28
292,58,63
293,58,3
294,58,3
295,58,3
296,58,3
297,58,63
298,58,11
299,58,11
300,58,28
301,58,63
302,59,63
303,59,28
304,60,63
305,60,63
306,60,28
307,61,3
308,61,3
309,61,63
310,62,3
311,62,3
312,62,3
313,62,3
314,62,63
315,62,63
316,62,63
317,62,63
318,62,63
319,63,63
320,63,28
321,63,28
322,64,63
323,64,63
324,64,28
325,65,63
326,66,3
327,66,3
328,66,3
329,66,3
330,66,63
331,66,28
332,66,28
333,66,63
334,67,63
335,67,63
336,67,28
337,68,63
338,68,63
339,68,63
340,68,63
341,68,63
342,68,63
343,69,63
344,69,63
345,69,3
346,69,63
347,69,63
348,70,63
349,70,3
350,70,3
351,70,3
352,70,3
353,70,63
354,70,2
355,70,20
356,70,28
357,70,28
358,71,63
359,71,63
360,71,63
361,71,63
362,71,28
363,71,63
364,71,63
364,72,63
365,73,63
366,73,63
367,73,63
368,73,63
369,73,63
370,73,28
371,73,63
372,74,63
373,74,63
374,74,63
375,74,63
376,72,63
377,72,63
378,72,63
379,72,63
380,72,63
381,72,28
382,72,63
383,72,63
384,75,3
385,75,63
386,75,28
387,75,63
388,76,63
389,77,63
390,77,63
391,77,63
391,78,3
392,77,63
393,77,63
394,77,63
395,77,28
396,77,28
397,77,63
398,77,63
399,79,63
400,79,63
401,79,63
402,79,63
403,80,63
404,80,63
405,81,63
406,82,63
407,82,3
408,82,3
409,82,3
410,82,3
411,82,63
412,82,63
413,82,28
414,82,28
415,82,63
416,83,3
417,83,63
418,83,63
419,83,63
420,78,63
421,78,3
422,78,3
423,78,3
424,78,3
425,78,63
426,78,63
427,78,63
428,78,3
429,84,63
430,84,28
431,84,63
432,84,63
433,84,63
434,85,3
435,85,3
436,85,3
437,85,3
438,85,63
439,86,63
440,87,3
441,87,3
442,87,3
443,87,3
444,87,63
445,87,11
446,87,63
447,87,63
448,87,3
449,88,63
450,88,63
451,88,63
452,88,63
453,88,63
454,89,63
455,89,63
456,90,3
457,90,63
458,90,3
459,90,3
460,90,63
461,90,28
462,90,3
463,90,3
464,91,63
465,91,3
466,91,3
467,91,3
468,91,3
469,91,63
470,91,45
471,91,33
471,92,3
472,91,63
473,91,63
474,93,63
475,93,63
476,93,63
477,93,63
478,93,63
479,93,28
480,93,63
481,93,63
482,93,63
483,92,63
484,92,3
484,94,3
485,92,3
486,92,3
487,92,63
488,92,28
489,92,28
490,92,28
491,92,28
492,95,3
493,95,3
494,95,3
495,95,3
496,95,3
497,95,63
498,95,63
499,95,3
500,95,3
501,95,3
502,96,63
503,96,63
504,96,28
505,96,28
506,96,28
507,97,63
508,97,3
509,97,3
509,98,3
510,97,3
511,97,3
512,97,63
512,98,63
513,97,21
513,98,63
514,97,63
515,97,63
516,97,63
517,99,63
518,99,63
519,100,3
520,100,3
521,100,3
522,100,3
523,100,3
524,100,63
525,100,11
526,100,63
527,100,63
528,100,63
529,101,12
530,101,3
531,101,3
532,101,3
533,101,3
534,101,63
535,101,14
536,101,47
537,101,11
538,101,63
539,102,63
540,102,63
541,102,63
542,102,63
543,102,63
544,102,63
544,103,63
544,104,63
544,105,63
544,106,63
544,107,63
544,108,63
544,109,63
544,110,63
545,102,63
546,102,63
547,102,63
548,102,63
549,111,3
550,111,3
551,111,3
552,111,3
553,111,3
554,112,3
555,112,3
556,112,63
557,112,28
558,112,63
559,112,63
560,113,3
561,113,3
562,113,3
563,113,3
564,113,63
565,113,28
566,113,63
567,113,63
568,114,63
569,114,3
570,114,3
571,114,3
572,114,3
573,114,63
574,114,33
574,115,28
575,114,28
576,114,63
577,114,63
578,116,12
579,116,3
580,116,3
581,116,3
582,116,3
583,116,63
584,116,25
585,116,28
586,116,28
587,116,63
588,117,3
589,117,3
590,117,3
591,117,3
592,117,63
593,117,28
594,117,63
595,117,63
596,117,63
597,118,63
598,118,3
599,118,3
600,118,3
601,118,3
602,118,63
603,118,63
604,118,63
605,118,25
606,118,63
607,115,63
608,115,63
609,115,63
610,115,63
611,119,63
612,119,63
613,120,63
614,120,3
615,120,3
616,120,3
617,120,3
618,120,63
619,120,28
620,120,28
621,120,28
622,120,63
623,121,63
624,121,63
625,121,63
626,121,63
627,122,63
628,122,63
629,122,63
630,122,63
631,122,63
632,122,63
633,122,28
634,122,28
635,122,63
636,122,63
637,10,63
638,10,63
639,10,63
640,10,63
641,10,28
642,10,28
643,10,28
644,10,28
645,123,63
646,123,3
647,123,63
648,123,3
649,123,63
650,123,63
651,123,28
652,123,63
653,124,63
654,124,63
655,124,63
656,124,63
657,124,63
658,124,45
659,124,11
660,124,63
660,125,63
661,124,63
662,125,63
663,125,63
664,125,63
665,125,63
666,125,28
667,125,63
668,126,3
668,127,3
669,126,3
670,126,3
671,126,3
672,126,63
673,126,57
673,127,46
674,126,28
675,126,63
676,128,3
677,128,63
678,128,3
679,128,3
680,128,3
681,128,63
682,128,45
683,128,60
684,128,12
685,128,3
686,127,3
687,127,3
688,127,3
689,127,63
690,127,63
691,127,63
692,127,63
693,129,43
693,130,43
694,131,63
695,131,28
696,131,28
697,131,28
698,131,63
699,132,3
700,132,63
701,132,63
702,132,28
703,133,63
703,134,63
704,135,63
705,135,3
706,135,3
707,135,3
708,135,3
709,135,8
710,135,28
711,135,28
712,135,28
713,135,63
714,136,63
715,137,63
716,137,63
717,137,63
718,137,63
719,137,63
720,137,63
721,137,63
722,137,63
723,137,63
724,137,63
725,138,3
726,138,3
727,138,3
728,138,3
729,138,3
730,138,63
731,138,11
731,139,21
732,138,63
732,139,63
733,138,63
734,138,63
735,140,63
735,141,63
735,142,63
735,143,63
735,144,63
735,145,63
736,146,46
737,147,3
738,147,3
739,147,3
740,147,3
741,147,63
742,147,63
743,147,63
744,147,63
745,147,63
746,148,63
747,148,63
748,148,63
749,148,63
750,148,63
751,148,63
752,148,63
753,148,63
754,148,4
755,149,3
756,149,3
757,149,3
758,149,63
759,150,3
760,150,63
761,151,63
762,152,3
763,152,3
764,152,3
765,152,3
766,152,63
767,152,7
768,152,63
769,152,63
770,153,63
771,139,63
772,139,3
773,139,3
774,139,3
775,139,3
776,139,63
777,139,28
778,139,63
779,154,3
780,154,3
781,154,3
782,154,3
783,154,3
784,154,63
785,154,63
786,154,3
787,154,3
788,154,3
789,155,3
790,155,3
791,155,3
792,155,3
793,155,3
794,155,63
795,155,28
796,155,63
797,155,63
798,155,3
799,156,28
800,156,3
801,156,3
802,156,3
803,156,3
804,156,63
805,156,32
806,156,28
807,156,33
808,156,28
809,157,7
810,157,28
811,158,63
812,158,28
813,158,28
814,158,28
815,158,63
816,158,63
817,159,12
818,159,3
819,159,3
820,159,3
821,159,3
822,159,63
823,159,63
824,159,28
825,159,28
826,159,63
827,160,63
828,160,63
829,161,28
830,161,3
831,161,3
832,161,3
833,161,3
834,161,63
835,161,28
836,161,28
837,161,28
838,161,28
839,162,36
840,163,3
841,163,3
842,163,3
842,164,63
843,163,3
844,163,63
845,163,63
846,163,63
847,165,63
848,165,3
849,165,3
850,165,3
851,165,3
852,165,63
853,165,28
854,165,28
855,165,28
856,165,28
857,166,63
858,166,3
859,166,3
860,166,3
861,166,3
862,166,63
863,166,63
864,166,63
865,166,63
866,166,63
867,167,36
868,167,28
869,167,28
870,168,3
871,168,3
872,168,3
873,168,3
874,168,63
875,168,63
876,168,63
877,168,28
878,168,28
879,169,40
879,170,11
880,171,63
881,171,3
882,171,3
883,171,3
884,171,3
885,171,63
886,171,28
887,171,28
888,171,28
889,171,63
890,172,3
891,172,3
892,172,3
893,172,3
894,172,3
895,172,63
896,172,63
897,172,63
898,172,63
899,172,3
900,173,63
901,173,63
902,173,28
903,174,3
904,174,63
905,174,28
906,174,28
907,170,21
908,170,1
909,175,63
910,175,7
911,175,7
912,175,28
913,175,28
914,176,63
915,176,3
916,176,3
917,176,3
918,176,12
919,177,63
920,177,28
921,177,28
922,177,28
923,178,3
924,178,63
925,178,63
926,178,28
927,178,63
928,178,63
929,178,63
930,179,63
931,179,3
932,179,3
933,179,3
934,179,3
935,179,63
936,179,63
937,179,33
938,179,63
939,179,63
940,180,63
941,180,63
942,180,28
943,180,28
944,181,63
945,181,63
946,181,63
947,181,63
948,181,63
949,181,63
950,181,63
951,181,63
952,182,3
953,182,3
954,182,3
955,182,63
956,182,63
957,183,3
958,183,63
959,183,63
960,183,28
961,184,63
962,184,3
963,184,3
964,184,3
965,184,3
966,184,63
967,184,11
968,184,28
969,184,63
970,184,63
971,185,7
972,186,12
973,186,3
974,186,3
975,186,3
976,186,3
977,186,63
978,186,40
979,186,31
980,186,31
981,186,63
982,187,63
983,187,28
984,187,28
985,187,28
986,187,28
987,187,63
988,188,63
988,189,63
989,188,28
990,189,28
991,190,3
992,190,3
993,190,3
994,190,3
995,190,3
996,190,63
997,190,28
998,190,63
999,190,63
1000,190,63
1001,191,63
1002,191,63
1003,191,63
1004,191,63
1005,191,63
1006,191,63
1007,191,63
1008,191,63
1009,191,63
1010,191,63
1011,98,3
1012,98,3
1013,98,3
1014,98,3
1015,98,3
1016,98,3
1017,98,3
1018,192,63
1018,193,63
1019,192,63
1020,192,63
1021,192,63
1022,192,63
1023,194,3
1024,194,3
1025,194,3
1026,194,63
1027,195,63
1028,195,3
1029,195,3
1030,195,3
1031,195,3
1032,195,63
1033,195,63
1034,195,63
1035,195,63
1036,195,63
1037,196,3
1038,196,3
1039,196,3
1040,196,3
1041,196,63
1042,196,63
1043,196,63
1044,196,63
1045,196,63
1046,197,63
1047,197,63
1048,197,28
1049,197,28
1050,197,28
1051,198,63
1052,198,63
1053,198,28
1054,198,28
1055,199,63
1056,199,63
1057,200,28
1058,200,3
1059,200,3
1060,200,3
1061,200,3
1062,200,63
1063,200,63
1064,200,63
1065,200,63
1066,200,34
1067,201,63
1068,201,3
1069,201,3
1070,201,3
1071,201,3
1072,201,63
1073,201,28
1074,201,28
1075,201,63
1076,201,12
1076,202,63
1077,203,28
1078,203,3
1079,203,3
1080,203,3
1081,203,3
1082,203,63
1083,203,7
1084,203,7
1085,203,28
1086,203,28
1087,204,3
1088,204,3
1089,204,3
1090,204,3
1091,204,3
1092,204,63
1093,204,11
1094,204,28
1095,204,63
1096,204,63
1097,205,63
1098,205,63
1099,205,28
1100,206,3
1101,206,28
1102,206,63
1103,206,63
1104,103,63
1105,103,63
1106,207,63
1107,208,3
1108,208,3
1109,208,3
1110,208,3
1111,208,3
1112,208,63
1113,208,28
1114,208,3
1115,208,3
1116,208,3
1117,209,63
1118,209,3
1119,209,3
1120,209,3
1121,209,3
1122,209,63
1123,209,7
1124,209,39
1125,209,28
1126,209,63
1127,210,63
1127,211,3
1128,210,63
1129,210,63
1130,210,63
1131,210,63
1131,211,63
1132,210,63
1132,211,63
1133,210,63
1134,212,63
1134,213,63
1135,212,7
1136,212,63
1136,213,63
1137,212,44
1138,214,63
1139,214,28
1140,104,63
1141,104,63
1142,104,63
1143,104,63
1144,104,28
1145,104,63
1146,104,63
1146,107,63
1146,108,63
1147,104,63
1148,215,63
1149,215,3
1150,215,3
1151,215,3
1152,215,3
1153,215,63
1154,215,63
1155,215,28
1156,215,28
1157,215,28
1158,216,63
1159,217,63
1160,217,63
1161,218,22
1162,219,63
1163,219,63
1164,219,63
1165,219,63
1166,219,63
1167,219,63
1168,219,63
1169,219,28
1170,219,28
1171,219,63
1172,220,3
1173,220,3
1174,220,3
1175,220,3
1176,220,3
1177,220,63
1178,220,63
1179,220,63
1180,220,3
1181,220,3
1182,221,63
1183,221,63
1184,221,63
1184,222,63
1185,221,63
1185,223,63
1185,224,63
1185,225,63
1186,221,63
1186,223,63
1186,224,63
1186,226,63
1186,225,63
1186,222,63
1186,227,63
1186,228,63
1187,229,63
1188,230,7
1188,231,7
1189,223,63
1190,223,63
1191,223,63
1191,225,63
1192,223,63
1192,222,63
1193,224,63
1194,224,63
1194,225,63
1195,224,63
1196,224,63
1197,224,63
1198,232,63
1199,232,63
1200,232,28
1201,232,28
1202,232,28
1203,232,28
1204,232,63
1205,232,63
1206,233,63
1207,233,28
1208,234,63
1209,234,28
1210,234,63
1211,234,63
1212,234,63
1213,235,28
1213,236,28
1214,236,53
1215,237,3
1216,237,3
1217,237,3
1218,237,3
1219,237,63
1220,237,23
1221,237,28
1222,237,63
1223,237,63
1224,238,3
1225,238,3
1226,238,3
1227,238,63
1228,238,63
1229,238,28
1230,239,63
1230,240,28
1231,239,2
1232,241,3
1233,241,3
1234,241,3
1235,241,63
1235,242,63
1236,241,28
1237,241,63
1238,241,63
1239,243,3
1240,243,3
1241,243,3
1242,243,3
1243,243,3
1244,243,63
1245,243,3
1246,243,3
1247,243,3
1248,243,3
1249,244,63
1250,244,3
1251,244,3
1252,244,3
1253,244,3
1254,244,63
1255,244,17
1256,244,28
1257,244,63
1258,244,63
1259,94,63
1260,94,3
1261,94,3
1262,94,3
1263,94,63
1264,94,28
1265,94,28
1266,94,28
1267,94,63
1268,245,28
1269,245,3
1270,245,3
1271,245,3
1272,245,3
1273,245,63
1274,245,58
1275,245,63
1276,245,33
1277,245,28
1278,246,63
1279,246,28
1279,247,28
1280,246,28
1280,247,28
1281,247,63
1282,247,63
1283,248,28
1284,248,3
1285,248,3
1286,248,3
1287,248,3
1288,248,63
1289,248,63
1290,248,63
1291,248,28
1292,248,28
1293,249,63
1294,249,3
1295,249,3
1296,249,3
1297,249,3
1298,249,63
1299,249,45
1300,249,45
1301,249,28
1302,249,28
1303,250,3
1304,250,3
1305,250,3
1306,250,63
1307,250,63
1308,250,63
1309,251,3
1310,251,3
1311,251,28
1312,251,63
1313,251,63
1314,251,63
1315,252,3
1316,252,3
1317,252,3
1318,252,3
1319,252,63
1320,252,63
1321,252,28
1322,252,63
1323,253,3
1324,253,3
1325,253,3
1326,253,3
1327,253,63
1328,253,28
1329,253,28
1330,253,28
1331,253,3
1332,254,63
1333,254,3
1334,254,63
1335,254,63
1336,254,3
1337,254,63
1338,254,63
1339,254,63
1340,254,28
1341,254,3
1342,255,63
1343,255,63
1344,255,63
1345,255,63
1346,256,63
1347,256,63
1348,256,3
1349,256,63
1350,256,3
1351,256,63
1352,256,63
1353,256,63
1354,256,3
1355,256,63
1356,257,3
1356,258,3
1356,259,3
1356,260,3
1356,261,3
1356,262,3
1356,263,3
1356,264,3
1356,265,3
1356,266,3
1356,267,3
1356,268,3
1356,269,3
1356,270,3
1356,271,3
1356,272,3
1356,273,3
1356,274,3
1357,257,63
1357,258,63
1357,259,63
1357,260,63
1357,261,63
1357,262,63
1357,263,63
1357,264,63
1357,265,63
1357,266,63
1357,267,63
1357,268,63
1357,269,63
1357,270,63
1357,271,63
1357,272,63
1357,273,63
1357,274,63
1358,257,63
1358,258,63
1358,259,63
1358,260,63
1358,261,63
1358,262,63
1358,263,63
1358,264,63
1358,265,63
1358,266,63
1358,267,63
1358,268,63
1358,269,63
1358,270,63
1358,271,63
1358,272,63
1358,273,63
1358,274,63
1359,275,63
1360,275,3
1361,275,3
1362,275,3
1363,275,3
1364,275,63
1365,275,63
1366,275,28
1367,275,63
1368,275,63
1369,276,28
1370,277,63
1371,277,8
1372,277,28
1372,278,28
1372,279,28
1373,278,63
1374,278,8
1375,278,28
1376,278,28
1377,278,28
1378,280,3
1379,280,3
1380,280,3
1381,280,3
1382,280,63
1383,280,8
1384,280,61
1385,281,3
1386,281,3
1387,281,3
1388,281,3
1389,281,63
1390,281,3
1391,279,63
1392,279,63
1393,279,36
1394,282,3
1394,283,3
1395,282,3
1396,282,63
1396,283,3
1396,284,63
1397,285,3
1398,285,3
1399,285,3
1400,285,3
1401,285,63
1402,285,63
1403,285,63
1404,285,63
1405,286,28
1406,287,3
1407,287,3
1408,287,3
1409,287,3
1410,287,63
1411,287,63
1412,287,63
1413,287,3
1414,287,3
1414,288,3
1415,287,63
1416,288,3
1416,289,3
1416,290,3
1416,291,63
1417,288,3
1418,288,3
1418,290,3
1418,291,3
1419,288,63
1419,289,3
1419,292,63
1419,290,3
1420,288,3
1421,293,3
1422,293,3
1423,293,63
1424,293,63
1425,294,63
1426,294,3
1427,294,3
1428,294,3
1429,294,3
1430,294,63
1431,294,63
1432,294,28
1433,294,28
1434,294,28
1435,289,3
1436,289,3
1437,289,63
1438,289,3
1439,290,3
1440,290,63
1441,290,3
1442,295,3
1443,295,3
1444,295,3
1445,295,3
1446,295,63
1447,295,3
1448,295,3
1449,296,3
1450,296,3
1451,296,3
1452,296,3
1453,296,63
1454,296,63
1455,296,63
1456,296,63
1457,296,63
1458,297,63
1459,297,3
1460,297,3
1461,297,3
1462,297,3
1463,297,63
1464,297,63
1465,297,28
1466,297,63
1467,297,63
1468,298,63
1469,298,63
1470,298,11
1471,298,21
1472,298,28
1473,299,28
1473,300,63
1474,301,3
1475,301,3
1476,301,3
1477,301,3
1478,301,63
1479,193,63
1480,302,3
1481,302,3
1482,302,3
1483,303,33
1484,303,28
1485,304,63
1486,304,63
1487,304,63
1488,304,63
1489,305,3
1490,305,3
1491,305,3
1492,305,3
1493,305,63
1493,306,63
1494,305,28
1495,305,63
1496,305,63
1497,307,3
1498,307,3
1499,307,3
1500,307,3
1501,307,28
1502,308,3
1503,308,3
1504,308,3
1505,308,3
1506,308,3
1507,308,63
1508,308,28
1509,308,28
1510,308,63
1511,308,3
1512,309,3
1513,309,3
1514,309,3
1515,309,3
1516,309,63
1517,309,63
1518,309,63
1519,309,3
1520,309,3
1521,310,55
1522,310,3
1523,310,3
1524,310,3
1525,310,3
1526,310,63
1527,310,10
1528,310,10
1529,310,15
1530,310,54
1531,311,3
1532,311,3
1533,311,3
1534,311,3
1535,311,63
1536,311,63
1537,311,63
1538,312,3
1539,312,63
1540,312,63
1541,312,63
1542,312,63
1543,313,3
1544,313,3
1545,313,3
1546,313,3
1547,313,63
1548,313,45
1549,313,2
1550,313,2
1551,313,63
1552,314,3
1552,315,3
1553,314,3
1554,314,3
1555,314,3
1556,314,21
1557,314,63
1558,314,63
1559,314,63
1560,316,3
1561,316,3
1562,316,3
1563,316,3
1564,316,63
1565,316,63
1566,316,63
1567,316,63
1567,317,63
1568,316,63
1568,315,63
1569,318,3
1570,318,3
1571,318,3
1572,318,3
1573,318,63
1574,318,63
1575,318,63
1576,319,63
1577,319,3
1578,319,3
1579,319,3
1580,319,3
1581,319,63
1582,319,28
1583,319,28
1584,319,63
1585,319,63
1586,202,3
1587,202,3
1588,202,63
1589,202,63
1590,315,3
1591,315,3
1592,315,3
1593,315,63
1594,315,63
1595,315,63
1596,315,63
1597,315,63
1598,320,63
1598,321,63
1599,320,28
1600,320,28
1601,320,63
1602,320,63
1603,320,63
1604,322,3
1605,322,3
1606,322,3
1607,322,3
1608,322,3
1609,322,63
1610,322,63
1611,322,63
1612,322,3
1613,322,3
1614,323,3
1615,324,63
1616,324,28
1617,324,28
1618,324,28
1619,325,63
1620,325,3
1621,325,3
1622,325,3
1623,325,3
1624,325,63
1625,325,63
1626,325,11
1627,325,11
1628,325,28
1629,242,3
1630,242,3
1631,242,3
1632,242,3
1633,242,63
1634,242,63
1635,242,63
1636,326,63
1637,326,3
1638,326,3
1639,326,3
1640,326,3
1641,326,63
1642,326,40
1643,326,13
1644,326,52
1645,326,28
1646,327,3
1647,327,3
1648,327,3
1649,327,3
1650,327,3
1651,327,28
1652,327,63
1653,327,12
1654,327,3
1655,327,3
1656,283,3
1656,284,3
1657,283,3
1658,283,63
1659,283,3
1660,291,3
1661,291,3
1662,291,3
1663,291,3
1664,291,3
1665,291,3
1666,291,3
1667,291,3
1668,328,63
1669,328,3
1670,328,3
1671,328,3
1672,328,3
1673,328,63
1674,328,63
1675,328,28
1676,328,63
1677,328,63
1678,284,3
1679,284,3
1680,284,3
1681,284,3
1682,329,3
1683,329,3
1684,329,3
1685,329,3
1686,329,63
1687,329,63
1688,330,63
1689,330,3
1690,330,3
1691,330,3
1692,330,3
1693,330,63
1694,330,63
1695,330,28
1696,330,28
1697,330,12
1698,226,63
1699,226,63
1700,226,63
1701,226,63
1702,226,63
1703,225,63
1704,222,63
1705,222,63
1706,331,63
1707,331,3
1708,331,3
1709,331,3
1710,331,3
1711,331,63
1712,331,60
1713,331,33
1714,331,59
1715,331,12
1716,227,63
1716,228,63
1717,227,63
1718,227,63
1719,227,63
1720,34,3
1721,34,3
1722,34,3
1723,34,3
1724,34,3
1725,34,63
1726,34,3
1727,34,3
1728,34,3
1729,332,63
1730,332,63
1731,332,63
1732,332,28
1733,333,3
1734,333,3
1735,333,3
1736,333,3
1737,333,63
1738,333,63
1739,333,63
1740,333,28
1741,333,63
1742,334,3
1743,334,3
1744,334,3
1745,334,63
1746,335,3
1747,335,3
1748,335,3
1749,335,3
1750,335,3
1751,335,3
1752,335,3
1753,336,63
1754,336,3
1755,336,3
1756,336,3
1757,336,3
1758,336,63
1759,336,7
1760,336,28
1761,336,33
1762,336,28
1763,337,63
1763,338,3
1764,228,63
1765,228,63
1766,339,63
1767,339,3
1768,339,3
1768,340,63
1769,339,3
1770,339,3
1771,339,63
1772,339,31
1773,339,28
1774,339,28
1775,339,63
1776,341,63
1777,341,63
1777,342,63
1777,343,63
1778,344,63
1779,344,63
1780,344,63
1780,345,63
1781,344,63
1782,346,63
1783,346,63
1784,346,63
1785,346,63
1786,346,63
1787,346,63
1788,346,63
1789,346,63
1790,346,63
1791,346,63
1792,347,63
1793,347,3
1794,347,3
1795,347,3
1796,347,3
1797,347,63
1798,347,28
1799,347,63
1800,347,63
1801,347,63
1802,348,63
1803,348,28
1804,348,63
1805,349,63
1806,350,63
1807,338,3
1808,338,3
1809,338,3
1810,338,38
1811,338,24
1812,345,63
1813,345,28
1814,345,63
1815,351,3
1816,351,63
1817,351,63
1818,352,3
1819,352,63
1820,352,3
1821,352,63
1822,352,16
1823,353,63
1824,353,28
1825,353,63
1826,354,63
1827,354,41
1828,354,28
1829,355,63
1830,355,3
1831,355,3
1832,355,3
1833,355,3
1834,355,63
1835,355,7
1836,355,28
1837,355,28
1838,355,28
1839,356,63
1840,356,33
1841,213,63
1842,213,63
1843,213,63
1844,213,63
1845,213,24
1846,213,63
1847,357,36
1848,357,11
1849,357,28
1850,357,28
1851,357,28
1852,357,28
1853,358,3
1854,358,3
1855,358,3
1856,358,63
1857,359,3
1858,359,63
1859,359,28
1860,240,63
1861,240,28
1862,360,63
1862,361,63
1863,362,63
1864,362,63
1865,362,2
1866,362,28
1867,362,28
1868,362,28
1869,363,3
1870,363,63
1871,363,63
1872,363,63
1873,363,63
1874,363,63
1875,363,28
1876,364,63
1877,364,36
1878,364,28
1879,365,28
1880,366,63
1881,367,63
1882,367,63
1883,367,28
1884,367,63
1885,368,3
1886,368,3
1887,368,3
1888,368,3
1889,368,63
1890,368,28
1891,368,63
1892,368,63
1893,368,63
1894,369,46
1895,369,46
1896,370,63
1896,371,63
1896,372,63
1896,373,63
1896,374,63
1897,370,63
1897,371,63
1898,370,63
1898,372,63
1898,373,63
1899,370,63
1899,371,63
1899,373,63
1900,370,63
1900,371,63
1900,372,63
1900,373,63
1900,374,63
1901,370,63
1901,371,63
1901,374,63
1902,370,63
1903,370,63
1904,306,63
1905,375,3
1906,375,3
1907,375,3
1908,375,3
1909,375,28
1910,375,63
1911,375,63
1912,375,63
1913,375,63
1914,371,63
1915,371,63
1916,371,63
1916,373,63
1917,371,63
1917,372,63
1918,371,63
1919,376,3
1920,376,3
1921,376,3
1922,376,3
1923,376,28
1924,372,63
1925,372,63
1925,373,63
1925,374,63
1926,372,63
1926,373,63
1926,374,63
1927,372,28
1928,372,63
1929,372,63
1929,373,63
1929,374,63
1930,377,63
1931,377,63
1932,377,63
1933,378,63
1934,378,3
1935,378,3
1936,378,3
1937,378,3
1938,378,63
1939,378,35
1940,378,28
1941,378,63
1942,378,63
1943,373,63
1944,373,63
1944,374,63
1945,379,63
1946,379,3
1947,379,63
1948,379,63
1949,379,63
1950,380,3
1951,380,3
1952,380,3
1953,380,3
1954,380,63
1955,380,11
1956,380,63
1957,380,63
1958,381,63
1959,374,63
1960,374,63
1961,382,3
1962,382,63
1963,382,63
1964,382,3
1965,382,63
1966,382,63
1967,383,3
1968,383,63
1969,383,28
1970,211,3
1971,211,3
1972,211,3
1973,211,28
1974,211,63
1975,384,3
1976,384,3
1977,384,3
1978,384,3
1979,384,25
1980,384,15
1981,384,63
1982,384,63
1983,385,3
1984,385,3
1985,385,63
1986,386,3
1987,386,3
1988,386,3
1989,386,63
1990,387,63
1991,388,3
1992,388,3
1993,388,63
1994,388,63
1995,388,63
1996,389,3
1997,389,3
1998,389,3
1999,389,3
2000,389,63
2001,389,3
2002,390,3
2003,390,63
2004,390,63
2005,391,3
2006,391,3
2007,391,3
2008,391,3
2009,391,63
2010,391,63
2011,391,3
2012,392,3
2013,392,63
2014,393,3
2015,393,3
2016,393,3
2017,393,3
2018,393,63
2019,393,63
2020,393,63
2021,393,5
2022,393,63
2023,394,3
2024,394,63
2025,394,63
2026,394,63
2027,394,28
2028,394,63
2029,394,63
2030,394,63
2031,394,63
2032,395,63
2032,396,3
2032,397,3
2032,398,3
2033,395,3
2034,395,3
2034,397,3
2034,398,3
2035,395,3
2036,395,63
2036,396,63
2037,395,63
2037,396,63
2037,397,63
2037,398,63
2038,395,63
2038,398,3
2039,395,28
2039,396,3
2039,398,3
2040,396,3
2041,396,3
2041,397,63
2041,398,3
2042,396,3
2042,398,3
2043,396,63
2044,396,3
2044,397,63
2044,398,3
2045,397,3
2046,397,3
2047,398,3
2048,398,3
2049,399,28
2050,399,3
2051,399,3
2052,399,3
2053,399,3
2054,399,63
2055,399,11
2056,399,45
2057,399,28
2058,399,28
2059,400,3
2060,400,3
2061,400,3
2062,400,3
2063,400,63
2064,400,63
2065,400,28
2066,400,63
2067,400,63
2068,401,63
2069,401,3
2070,401,3
2071,401,3
2072,401,3
2073,401,63
2074,401,15
2075,401,28
2076,401,28
2077,401,63
2078,402,3
2079,402,3
2080,402,63
2081,402,63
2082,402,63
2083,402,63
2084,402,63
2085,402,63
2086,402,63
2087,403,63
2088,403,28
2089,403,28
2090,403,28
2091,403,28
2092,404,63
2093,405,3
2094,405,3
2095,405,3
2096,405,3
2097,405,63
2098,405,63
2099,405,28
2100,405,63
2101,405,63
2102,406,63
2103,406,63
2104,406,63
2105,406,63
2106,406,63
2107,406,63
2107,317,63
2108,406,63
2109,406,28
2110,406,28
2111,406,63
2112,407,63
2113,407,3
2114,407,63
2115,407,63
2116,407,63
2117,407,63
2118,407,63
2119,407,28
2120,407,63
2121,407,63
2122,408,63
2123,409,63
2123,410,63
2123,411,63
2123,412,63
2123,413,63
2123,414,63
2123,415,63
2124,416,63
2124,417,63
2124,418,63
2124,419,63
2125,416,63
2125,420,63
2125,421,63
2126,416,63
2127,416,63
2127,417,63
2128,340,63
2129,340,63
2130,340,63
2131,340,63
2132,340,63
2133,340,28
2134,340,63
2134,422,63
2135,340,63
2135,422,63
2136,340,63
2137,423,3
2138,423,3
2139,423,3
2140,423,3
2141,423,63
2142,423,63
2143,423,28
2144,423,63
2145,423,63
2146,424,3
2147,424,3
2148,424,3
2149,424,63
2150,424,63
2151,425,63
2152,425,63
2152,426,63
2152,427,63
2153,425,63
2153,428,63
2153,426,63
2153,429,63
2154,425,63
2154,430,63
2154,431,63
2154,432,63
2154,433,63
2154,434,63
2154,435,63
2155,425,63
2155,428,63
2155,436,63
2155,429,63
2156,425,63
2156,428,63
2156,426,63
2156,436,63
2156,429,63
2157,425,63
2158,425,63
2159,425,63
2160,425,63
2161,437,3
2162,437,3
2163,437,3
2164,437,3
2165,438,3
2166,438,3
2167,438,63
2168,438,28
2169,439,63
2170,439,63
2171,439,63
2172,439,63
2173,439,63
2174,439,63
2175,439,63
2176,440,63
2177,440,3
2178,440,3
2179,440,3
2180,440,3
2181,440,63
2182,440,25
2183,440,28
2184,440,63
2185,440,12
2186,441,28
2187,442,63
2188,442,3
2189,442,3
2190,442,3
2191,442,3
2192,442,63
2193,442,3
2194,442,63
2195,442,63
2196,442,63
2197,443,3
2198,443,3
2199,443,3
2200,443,3
2201,443,63
2202,444,63
2203,444,28
2204,444,63
2205,444,63
2206,445,63
2207,445,3
2208,445,3
2209,445,3
2210,445,3
2211,445,63
2212,445,28
2213,445,28
2214,445,63
2215,445,63
2215,446,63
2216,446,63
2217,446,63
2218,447,63
2219,447,28
2220,447,63
2221,448,63
2222,448,3
2223,448,3
2224,448,3
2225,448,3
2225,449,63
2226,448,63
2227,448,28
2228,448,28
2229,448,63
2230,448,63
2231,450,11
2232,451,63
2233,451,63
2234,451,63
2235,451,63
2236,451,63
2237,451,63
2238,452,63
2239,452,3
2240,452,3
2241,452,3
2242,452,3
2243,452,63
2244,452,28
2245,452,28
2246,452,63
2247,452,63
2248,453,3
2249,453,3
2250,453,3
2251,453,3
2252,453,63
2253,453,3
2254,453,3
2255,454,28
2256,454,3
2257,454,3
2258,454,3
2259,454,3
2260,454,63
2261,454,11
2262,454,11
2263,454,28
2264,454,28
2265,455,63
2265,428,63
2265,456,63
2265,457,63
2265,458,63
2266,455,63
2266,459,63
2267,455,63
2268,455,63
2268,428,63
2268,427,63
2269,455,63
2269,456,63
2269,432,63
2269,460,63
2270,455,63
2271,455,63
2272,461,3
2273,461,3
2274,461,3
2275,461,3
2276,461,63
2277,461,3
2278,462,63
2278,463,63
2279,462,63
2279,464,63
2279,465,63
2280,462,63
2280,466,63
2280,412,63
2280,414,63
2281,462,63
2282,467,63
2283,467,3
2284,467,3
2285,467,3
2286,467,63
2287,467,63
2288,467,63
2289,467,63
2290,467,63
2291,467,63
2292,468,3
2293,468,3
2294,468,3
2295,468,3
2296,468,3
2297,468,63
2298,468,63
2299,468,63
2300,468,3
2301,468,3
2302,410,63
2302,459,63
2302,436,63
2302,412,63
2302,414,63
2303,410,63
2303,411,63
2304,410,63
2304,415,63
2305,469,63
2305,418,63
2305,465,63
2306,469,63
2307,469,63
2308,469,63
2309,466,63
2309,470,63
2310,466,63
2310,471,63
2310,430,63
2310,472,63
2310,427,63
2310,459,63
2310,463,63
2310,473,63
2310,474,63
2310,432,63
2310,457,63
2310,458,63
2310,435,63
2311,466,63
2312,464,63
2312,470,63
2313,464,63
2313,411,63
2314,464,63
2315,417,63
2315,465,63
2316,417,63
2317,475,63
2318,475,63
2318,476,3
2319,475,63
2320,475,63
2321,475,3
2321,476,3
2322,475,63
2323,475,63
2324,475,3
2325,475,63
2325,476,63
2326,475,63
2327,477,3
2328,477,63
2329,477,3
2330,477,63
2331,477,63
2332,477,28
2333,477,63
2334,477,63
2335,477,63
2336,478,3
2337,478,63
2338,478,63
2339,478,28
2340,478,63
2341,478,63
2342,478,63
2343,478,63
2344,428,63
2344,436,63
2345,428,63
2346,428,63
2347,428,63
2348,428,63
2349,411,63
2349,412,63
2349,413,63
2349,414,63
2350,479,63
2351,479,63
2351,420,63
2352,479,63
2353,479,63
2354,471,63
2354,436,63
2355,471,63
2355,456,63
2355,431,63
2355,480,63
2355,457,63
2355,434,63
2356,471,63
2356,480,63
2356,457,63
2357,481,63
2358,481,63
2358,482,63
2359,481,63
2360,481,63
2361,430,63
2361,483,63
2361,458,63
2362,430,63
2363,430,63
2363,431,63
2363,434,63
2364,430,63
2364,431,63
2364,433,63
2364,434,63
2365,430,63
2366,430,63
2367,430,63
2368,430,63
2369,484,63
2370,484,63
2371,456,63
2372,485,63
2373,472,63
2373,463,63
2373,474,63
2374,472,63
2374,486,63
2375,472,63
2375,474,63
2376,487,3
2377,487,3
2378,487,3
2379,487,3
2380,487,63
2381,487,33
2382,487,28
2383,487,63
2384,488,63
2385,488,63
2386,488,28
2387,426,63
2388,427,63
2388,480,63
2389,489,21
2390,490,3
2391,490,3
2392,490,3
2393,490,3
2394,490,63
2395,490,63
2396,490,63
2397,491,3
2398,491,63
2399,491,63
2400,483,63
2401,483,63
2402,483,63
2403,483,63
2404,483,63
2405,483,63
2406,459,63
2406,458,63
2407,420,63
2408,420,63
2408,421,63
2408,418,63
2408,465,63
2408,419,63
2409,492,3
2410,492,63
2411,493,63
2412,493,28
2413,493,63
2414,494,3
2415,494,3
2416,494,3
2417,494,3
2418,494,63
2419,494,3
2420,463,63
2421,463,63
2422,463,63
2423,463,11
2424,463,63
2425,463,63
2426,463,63
2427,473,63
2428,473,63
2428,482,63
2429,473,63
2429,482,63
2429,415,63
2430,473,63
2431,473,63
2431,482,63
2432,473,63
2433,473,28
2434,473,63
2434,480,63
2434,457,63
2434,435,63
2435,473,63
2435,480,63
2436,474,63
2437,495,7
2438,495,7
2439,495,28
2440,495,28
2441,421,63
2442,421,63
2443,496,63
2443,497,63
2444,496,63
2445,496,63
2446,498,63
2447,418,63
2448,413,63
2449,413,63
2450,480,63
2451,480,63
2452,480,63
2453,480,63
2453,457,63
2454,432,63
2455,457,63
2455,460,63
2456,457,63
2457,499,63
2458,499,28
2459,433,63
2459,435,63
2460,433,63
2461,460,63
2461,429,63
2462,460,63
2463,429,63
2464,470,63
2465,470,63
2466,500,63
2467,500,63
2468,500,63
2469,500,28
2470,500,63
2471,501,3
2472,501,3
2473,501,3
2474,501,3
2475,501,3
2476,501,63
2477,501,63
2478,501,63
2479,501,28
2480,501,63
2481,486,63
2482,486,63
2483,502,63
2484,503,26
2485,504,63
2486,504,3
2487,504,3
2488,504,3
2489,504,3
2490,504,63
2491,504,63
2492,504,28
2493,504,28
2494,504,28
2495,505,3
2496,505,3
2497,505,3
2498,505,3
2499,505,3
2500,505,63
2501,505,3
2502,505,3
2503,505,3
2504,505,3
2505,506,3
2506,506,3
2507,476,63
2508,476,63
2509,476,3
2510,476,63
2511,476,3
2512,476,63
2513,476,63
2514,164,3
2515,164,3
2516,164,3
2517,164,3
2518,164,63
2519,164,63
2520,164,63
2521,507,3
2522,507,3
2523,507,63
2524,507,3
2525,507,9
2526,507,63
2527,507,63
2528,507,63
2529,507,63
2530,508,63
2531,508,3
2532,508,3
2533,508,3
2534,508,3
2535,508,63
2536,508,63
2537,508,63
2538,508,63
2539,508,63
2540,509,63
2541,509,3
2542,509,63
2543,510,3
2544,510,3
2545,510,3
2546,510,3
2547,510,3
2548,510,63
2549,510,63
2550,510,28
2551,510,3
2552,510,3
2553,511,3
2554,511,3
2555,511,3
2556,511,3
2557,511,24
2557,512,12
2557,513,24
2558,511,24
2558,512,38
2558,513,38
2559,511,12
2559,512,63
2559,513,63
2560,511,63
2561,511,51
2562,514,63
2563,514,3
2564,514,3
2565,514,3
2566,514,3
2567,514,63
2568,514,28
2569,514,28
2570,514,63
2571,514,63
2572,515,63
2573,515,63
2574,515,63
2575,515,63
2576,515,63
2577,515,11
2578,515,11
2579,515,63
2580,515,63
2581,516,3
2582,516,3
2583,516,28
2584,517,63
2585,517,3
2586,517,3
2587,517,3
2588,517,3
2589,517,63
2590,517,63
2591,517,28
2592,517,28
2593,517,63
2594,518,3
2595,518,3
2596,518,3
2597,518,3
2598,518,63
2599,518,63
2600,518,3
2601,519,63
2602,519,63
2603,519,63
2604,519,63
2605,519,63
2606,519,31
2607,519,28
2608,519,63
2609,519,63
2610,520,3
2611,520,3
2612,520,3
2613,520,3
2614,520,63
2615,520,24
2616,520,42
2617,520,63
2618,521,55
2619,521,3
2620,521,3
2621,521,3
2622,521,3
2623,521,63
2624,521,29
2625,521,29
2626,521,28
2627,521,63
2628,422,63
2629,422,63
2630,422,63
2631,422,63
2632,422,63
2633,422,63
2634,422,7
2635,422,63
2636,522,63
2637,522,3
2638,522,3
2639,522,3
2640,522,63
2641,522,63
2642,522,63
2643,522,28
2644,522,63
2645,522,63
2646,449,63
2647,449,63
2648,449,63
2649,449,3
2650,449,63
2651,449,18
2652,449,18
2653,449,63
2654,449,63
2655,317,63
2656,317,63
2657,317,63
2658,317,63
2659,317,63
2660,317,50
2661,317,63
2662,317,63
2663,523,7
2664,524,63
2665,524,63
2666,525,63
2667,525,3
2668,525,3
2669,525,3
2670,525,3
2671,525,63
2672,525,7
2673,525,28
2674,525,63
2675,525,63
2676,526,63
2677,526,63
2678,527,3
2679,527,3
2680,527,3
2681,527,3
2682,527,63
2683,527,63
2684,419,63
2685,419,63
2686,528,3
2687,528,3
2688,528,3
2689,528,3
2690,528,63
2691,528,63
2692,528,3
2693,529,3
2694,529,3
2695,529,3
2696,529,3
2697,529,3
2698,529,63
2699,529,28
2700,529,3
2701,529,3
2702,529,3
2703,530,63
2704,530,3
2705,530,63
2706,530,63
2707,530,63
2708,530,28
2709,530,63
2710,531,63
2711,531,3
2712,531,3
2713,531,3
2714,531,3
2715,531,63
2716,531,63
2717,531,63
2718,531,63
2719,531,63
2720,415,63
2721,415,3
2722,415,63
2723,415,63
2724,415,28
2725,415,63
2726,415,63
2727,532,3
2728,532,3
2729,532,3
2730,532,3
2731,532,63
2732,532,56
2733,532,45
2734,532,63
2735,435,63
2736,435,63
2737,533,3
2738,533,3
2739,533,3
2740,533,3
2741,533,12
2742,534,36
2743,535,63
2744,535,63
2745,535,63
2746,535,63
2747,535,28
2748,535,63
2749,535,63
2750,535,63
2751,536,63
2752,536,21
2753,536,28
2754,537,63
2755,537,3
2756,537,3
2757,537,3
2758,537,3
2759,537,63
2760,537,63
2761,537,63
2762,537,63
2763,537,28
2764,538,63
2764,539,63
2765,538,28
2766,538,63
2767,538,63
2768,540,63
2769,540,63
2770,540,63
2771,540,63
2772,540,63
2773,540,28
2774,540,63
2775,540,63
2776,540,63
2777,539,63
2778,541,63
2779,541,63
2780,541,3
2781,541,63
2782,541,63
2783,541,63
2784,541,63
2785,541,63
2786,541,63
2787,542,28
2788,542,63
2789,543,3
2790,543,3
2791,543,3
2792,543,3
2793,543,3
2794,543,63
2795,543,21
2796,543,63
2797,543,3
2798,543,3
2799,544,63
2800,544,28
2801,544,28
2802,544,63
2803,545,63
2804,545,27
2805,545,63
2806,545,63
2807,545,63
2808,545,63
2809,545,63
2810,546,63
2811,546,63
2812,547,3
2813,547,3
2814,547,3
2815,547,3
2816,547,63
2817,548,63
2817,549,63
2818,548,2
2819,549,37
2820,550,63
2821,551,3
2822,551,3
2823,551,63
2824,551,2
2825,551,63
2826,551,28
2827,551,28
2828,551,28
2829,551,63
2830,321,3
2831,321,28
2832,552,62
2833,552,3
2834,552,3
2835,552,3
2836,552,3
2837,552,63
2838,552,7
2839,552,30
2840,552,30
2841,552,30
2842,553,63
2843,554,3
2844,554,3
2845,554,3
2845,555,3
2846,556,63
2847,556,3
2848,556,3
2849,556,63
2850,556,63
2851,556,63
2852,556,63
2853,556,36
2854,556,63
2855,556,63
2856,557,63
2857,557,63
2858,557,63
2859,557,63
2860,557,63
2861,557,63
2862,558,63
2863,558,3
2864,558,3
2865,558,3
2866,558,3
2867,558,63
2868,558,63
2869,558,63
2870,558,63
2871,558,63
2872,559,63
2873,559,28
2874,555,3
2875,555,63
2876,560,3
2877,560,3
2878,560,3
2879,560,3
2880,560,3
2881,560,3
2882,560,3
2883,561,63
2884,561,28
2885,561,28
2886,8,3
2887,8,3
2888,8,3
2889,8,3
2890,8,3
2891,8,63
2892,8,28
2893,8,3
2894,8,63
2895,562,3
2896,562,63
2897,562,63
2898,562,63
2899,562,28
2900,562,63
2901,563,63
2902,564,63
2903,564,3
2904,564,3
2905,564,63
2906,564,63
2907,564,63
2908,564,63
2909,564,3
2910,564,63
2911,564,63
2912,565,63
2913,565,63
2914,565,63
2915,566,3
2916,566,3
2917,566,3
2918,566,3
2919,566,3
2920,566,63
2921,566,28
2922,566,63
2923,566,3
2924,566,3
2925,567,3
2926,567,3
2927,567,63
2928,568,63
2929,568,3
2930,568,63
2931,568,21
2932,106,63
2933,106,63
2934,569,21
2935,569,28
2936,108,63
2937,108,63
2938,108,63
2939,108,63
2940,108,63
2941,108,63
2942,108,63
2943,108,63
2944,570,63
2945,570,28
2946,570,28
2947,570,63
2948,570,63
2949,571,3
2950,571,3
2951,571,3
2952,571,3
2953,571,63
2954,571,63
2955,571,63
2956,572,3
2957,572,63
2958,572,28
2959,572,63
2960,572,63
2961,572,63
2962,572,63
2963,109,63
2964,573,63
2965,573,63
2966,573,63
2967,573,63
2968,573,63
2969,573,21
2970,573,63
2971,573,63
2972,573,63
2973,574,3
2974,574,63
2975,574,63
2976,574,63
2977,574,28
2978,574,63
2979,575,63
2980,575,28
2981,576,63
2982,576,3
2983,576,3
2984,576,3
2985,576,3
2986,576,63
2987,576,63
2988,576,63
2989,576,63
2990,576,63
2991,577,63
2992,577,3
2993,577,3
2994,577,3
2995,577,3
2996,577,63
2997,577,63
2998,577,28
2999,577,28
3000,577,63
3001,578,63
3002,578,3
3003,578,3
3004,578,3
3005,578,3
3006,578,63
3007,578,8
3008,578,33
3009,578,28
3010,578,33
3011,579,3
3012,579,3
3013,579,3
3014,579,3
3015,579,63
3016,579,3
3017,579,3
3018,580,59
3019,580,3
3020,580,3
3021,580,3
3022,580,3
3023,580,63
3024,580,60
3025,580,60
3026,580,45
3027,580,28
3028,581,2
3029,512,63
3030,512,3
3031,512,3
3032,512,3
3033,512,3
3034,512,24
3035,512,63
3035,513,63
3036,110,63
3037,110,3
3038,110,3
3039,110,3
3040,110,3
3041,110,63
3042,110,63
3043,110,63
3044,110,63
3045,582,63
3046,582,63
3047,582,63
3048,582,63
3049,582,63
3050,582,63
3051,582,63
3052,582,28
3053,582,63
3054,582,63
3055,583,63
3056,583,63
3057,583,3
3058,583,63
3059,583,63
3060,583,28
3061,583,6
3062,583,63
3063,583,63
3064,513,3
3065,513,3
3066,513,3
3067,513,3
3068,513,63
3069,513,63
